{
  "rows": [
    {
      "vs": "WT vs S152I",
      "global_rmsd": 0.3724620852269353,
      "mean_plddt": 94.65649903288202,
      "wt_mean_plddt": 95.91653771760156,
      "n_gt_0.5": 19,
      "n_gt_1.0": 9,
      "n_gt_2.0": 4,
      "max_dev": 3.484372660952615,
      "max_at_U": 449,
      "dev_U152": 0.908809039435712,
      "dev_U108": 0.12198247877956601,
      "dev_U148": 0.26399007937486807,
      "dev_U308": 0.04729082772287219,
      "dev_U88": 0.06434773178770803,
      "plddt_U152": 84.18,
      "plddt_U108": 89.78,
      "plddt_U148": 84.89,
      "plddt_U308": 98.81,
      "plddt_window_100_160_mean": 91.89688524590164,
      "wt_window_100_160_mean": 98.19655737704919
    },
    {
      "vs": "WT vs MULTI_x4",
      "global_rmsd": 0.3520514165910288,
      "mean_plddt": 94.55818181818182,
      "wt_mean_plddt": 95.91653771760156,
      "n_gt_0.5": 30,
      "n_gt_1.0": 16,
      "n_gt_2.0": 4,
      "max_dev": 2.893496540836305,
      "max_at_U": 449,
      "dev_U152": 0.8333062576568643,
      "dev_U108": 1.053846143301463,
      "dev_U148": 0.7494843452313337,
      "dev_U308": 0.06235186987675152,
      "dev_U88": 0.13476625510417353,
      "plddt_U152": 87.69,
      "plddt_U108": 75.79,
      "plddt_U148": 78.27,
      "plddt_U308": 98.65,
      "plddt_window_100_160_mean": 89.02508196721311,
      "wt_window_100_160_mean": 98.19655737704919
    }
  ],
  "note": "R88C cocktail not run; both folders same sequence"
}