scenario,throughput,r_syn,f_nucleation,f_folded,eta_export,eta_M6P,eta_delivery,v_cat,clearance_scale
disease_baseline,0.012504800000000003,1.0,0.28,0.58,0.35,0.55,0.4,1.0,1.0
PC_S3_only,0.06818350000000001,1.0,0.35,0.92,0.55,0.7,0.55,1.0,1.0
PC_S3_S7,0.06409249,1.0,0.35,0.92,0.55,0.7,0.55,0.94,1.0
PC_full_stack,0.18698359680000004,1.0,0.55,0.92,0.72,0.78,0.7,0.94,1.0
null_allele,0.0,0.15,0.0,0.0,0.0,0.0,0.0,0.0,1.0
WT,0.4530074999999999,1.0,0.75,0.95,0.85,0.88,0.85,1.0,1.0
