Mutation,ddG_EvoEF2,SASA,CTSS,Hydro_mult,suggested_track
S152I,46.01999999999998,0.0,0.0,3.0,A_amenability
S152R,80.42999999999984,0.0,0.0,0.1,A_amenability
S152N,22.98999999999978,0.0,0.0,0.1,A_amenability
D308G,9.679999999999836,2.4152564320798326,23.379682262532384,1.0,A_amenability
D308E,116.5,0.0,0.0,0.1,A_amenability
D308N,6.670000000000073,0.0,0.0,0.1,A_amenability
Y108C,1.2799999999997453,17.264936587068064,66.29735649432816,3.0,A_amenability
R88C,12.909999999999854,5.147185403641519,199.35049068303374,3.0,CAUTION_POCKET
C422F,121.61999999999989,20.493890649168883,7477.400942255752,3.0,B_or_EXCLUDE_conflict
C422Y,134.92000000000007,20.493890649168883,8295.107179157601,3.0,B_or_EXCLUDE_conflict
C184W,111.31999999999971,0.0,0.0,3.0,B_or_EXCLUDE_conflict
H159Y,30.029999999999745,102.38173997895619,9223.570954704086,3.0,B_review
G336W,214.42000000000007,1.943075056245287,1249.9024606803437,3.0,A_amenability
